Id,title
1,Norm of the North: King Sized Adventure
2,Jandino: Whatever it Takes
3,realityhigh
4,Automata
5,Fabrizio Copano: Solo pienso en mi
6,Good People
7,Joaquin Reyes: Una y no mas
8,Kidnapping Mr. Heineken
9,Krish Trish and Baltiboy
10,Krish Trish and Baltiboy: Battle of Wits
11,Krish Trish and Baltiboy: Best Friends Forever
12,Krish Trish and Baltiboy: Comics of India
13,Krish Trish and Baltiboy: Oversmartness Never Pays
14,Krish Trish and Baltiboy: Part II
15,Krish Trish and Baltiboy: The Greatest Trick
16,Love
17,Manhattan Romance
18,Moonwalkers
19,Rolling Papers
20,Stonehearst Asylum
21,The Runner
22,6 Years
23,City of Joy
24,Laddaland
25,Next Gen
26,Sierra Burgess Is A Loser
27,The Most Assassinated Woman in the World
28,Cezanne et moi
29,Article 15
30,Care of Kancharapalem
31,Ee Nagaraniki Emaindi
32,Kill Me If You Dare
33,Hell and Back
34,PK
35,Hard Tide
36,Elstree 1976
37,American Factory: A Conversation with the Obamas
38,ATM
39,Bangkok Traffic (Love) Story
40,I Fine... Thank You... Love You
41,One Day
42,Phobia 2
43,Shutter
44,Suckseed
45,Carrie Pilby
46,Marc Maron: Too Real
47,Saawan
48,The Heretics
49,The World We Make
50,Watchman
51,Black Panther
52,Man Up
53,Mo Gilligan: Momentum
54,Big Miracle
55,The Mayor
56,Amanda Knox
57,The Debt Collector
58,Act of Vengeance
59,Paradise Lost
60,Gerald's Game
61,Long Shot
62,Our Souls at Night
63,Out of Thin Air
64,Monster High: Boo York Boo York
65,Cultivating the Seas: History and Future of the Full-Cycle Cultured Kindai Tuna
66,Domino
67,TUNA GIRL
68,5CM
69,Animal World
70,Hold the Dark
71,Lessons from a School Shooting: Notes from Dunblane
72,Single
73,The 3rd Eye
74,The Sinking Of Van Der Wijck
75,Two Catalonias
76,Bobby Sands: 66 Days
77,Deliha 2
78,In the Shadow of the Moon
79,Sturgill Simpson Presents Sound and Fury
80,Weeds on Fire
81,Much Loved
82,Joseph: King of Dreams
83,Malaal
84,The Grandmaster
85,The Hurricane Heist
86,Def Comedy Jam 25
87,Restless Creature: Wendy Whelan
88,Print the Legend
89,Birders
90,Furie
91,Leap!
92,Oh! Baby (Malayalam)
93,Oh! Baby (Tamil)
94,USS Indianapolis: Men of Courage
95,A Wrinkle in Time
96,Teach Us All
97,White Island
98,Inside Man: Most Wanted
99,Jeff Dunham: Beside Himself
100,China Salesman
101,Swearnet: The Movie
102,The Bar
103,Manmadhudu 2
104,Under the Eiffel Tower
105,Audrie and  Daisy
106,Iliza Shlesinger: Confirmed Kills
107,Do Paise Ki Dhoop Chaar Aane Ki Baarish
108,20 Feet From Stardom
109,In Darkness
110,Gaga: Five Foot Two
111,The Bad Batch
112,SMOSH: The Movie
113,King of Boys
114,Merry Men: The Real Yoruba Demons
115,Sarah's Key
116,The Wedding Party 2: Destination Dubai
117,Quincy
118,Rafinha Bastos: Ultimatum
119,Between Two Ferns: The Movie
120,Daddy Issues
121,Travel Mates 2
122,True: Tricky Treat Day
123,Mad World
124,The Bund
125,The First Line
126,Maynard
127,Bitcoin Heist
128,I Am Not Madame Bovary
129,Vincent N Roxxy
130,Miss Julie
131,Kabir Singh
132,Oceans
133,The Endless
134,Jerry Before Seinfeld
135,No Offense
136,Seriously Funny
137,Hilarious Trio
138,Laugh out Loud
139,The Best of Rafaâ€š Rutkowski Olka Szczaniak
140,Laugh at Live
141,Come and Find Me
142,Class Rank
143,Barbie Dolphin Magic
144,Keith Richards: Under the Influence
145,A Haunting at Silver Falls: The Return
146,Avengement
147,Clive Davis: The Soundtrack of Our Lives
148,Five Elements Ninjas
149,Sebastian Maniscalco: What's Wrong with People?
150,The Witch
151,I Am Wrath
152,As Above So Below
153,Scott Pilgrim vs. the World
154,ARQ
155,Cedric the Entertainer: Live from the Ville
156,Louis C.K.: Hilarious
157,Raiders!: The Story of the Greatest Fan Film Ever Made
158,The White Helmets